success,reason,m,r,omega,A0_base
True,completed,0.00996170334741857,20.00010000000033,0.0,0.01
True,completed,0.03976236074613077,20.00010000000033,0.0,0.02
True,completed,0.08916516462783983,20.00010000000033,0.0,0.03
True,completed,0.1578265054134909,20.00010000000033,0.0,0.04
True,completed,0.24535990205135327,20.00010000000033,0.0,0.05
True,completed,0.35140518172497454,20.00010000000033,0.0,0.060000000000000005
True,completed,0.47569146800230977,20.00010000000033,0.0,0.06999999999999999
True,completed,0.618086754534871,20.00010000000033,0.0,0.08
True,completed,0.7786314209080184,20.00010000000033,0.0,0.09
True,completed,0.9575564636654794,20.00010000000033,0.0,0.09999999999999999
True,completed,1.155288961362053,20.00010000000033,0.0,0.11
True,completed,1.3724476195826525,20.00010000000033,0.0,0.12
True,completed,1.609830715411199,20.00010000000033,0.0,0.13
True,completed,1.8683979325993023,20.00010000000033,0.0,0.14
True,completed,2.149246849627683,20.00010000000033,0.0,0.15000000000000002
True,completed,2.4535844512129374,20.00010000000033,0.0,0.16
True,completed,2.7826940844700845,20.00010000000033,0.0,0.17
True,completed,3.1378987651216126,20.00010000000033,0.0,0.18000000000000002
True,completed,3.5205225340640824,20.00010000000033,0.0,0.19
True,completed,3.9318524328932645,20.00010000000033,0.0,0.2
True,completed,0.015171589302010954,20.00010000000033,0.21052631578947367,0.01
True,completed,0.06049372715124676,20.00010000000033,0.21052631578947367,0.02
True,completed,0.13544512545575377,20.00010000000033,0.21052631578947367,0.03
True,completed,0.2393251502707588,20.00010000000033,0.21052631578947367,0.04
True,completed,0.37144630873187073,20.00010000000033,0.21052631578947367,0.05
True,completed,0.5313173048622087,20.00010000000033,0.21052631578947367,0.060000000000000005
True,completed,0.7187819227278301,20.00010000000033,0.21052631578947367,0.06999999999999999
True,completed,0.9341023488608857,20.00010000000033,0.21052631578947367,0.08
True,completed,1.177992139540793,20.00010000000033,0.21052631578947367,0.09
True,completed,1.4516104429648724,20.00010000000033,0.21052631578947367,0.09999999999999999
True,completed,1.7565280825484664,20.00010000000033,0.21052631578947367,0.11
True,completed,2.0946721084104314,20.00010000000033,0.21052631578947367,0.12
True,completed,2.468251854262302,20.00010000000033,0.21052631578947367,0.13
True,completed,2.8796682737208603,20.00010000000033,0.21052631578947367,0.14
True,completed,3.3314099272431132,20.00010000000033,0.21052631578947367,0.15000000000000002
True,completed,3.8259428347501867,20.00010000000033,0.21052631578947367,0.16
True,completed,4.36560576191343,20.00010000000033,0.21052631578947367,0.17
True,completed,4.952524886755753,20.00010000000033,0.21052631578947367,0.18000000000000002
True,completed,5.588560035122565,20.00010000000033,0.21052631578947367,0.19
True,completed,6.275288358213465,20.00010000000033,0.21052631578947367,0.2
True,completed,0.023101762214736955,20.00010000000033,0.42105263157894735,0.01
True,completed,0.09197164449283506,20.00010000000033,0.42105263157894735,0.02
True,completed,0.20549388433198945,20.00010000000033,0.42105263157894735,0.03
True,completed,0.36234470713173295,20.00010000000033,0.42105263157894735,0.04
True,completed,0.5615300210736492,20.00010000000033,0.42105263157894735,0.05
True,completed,0.8028056398804312,20.00010000000033,0.42105263157894735,0.060000000000000005
True,completed,1.0869094677906002,20.00010000000033,0.42105263157894735,0.06999999999999999
True,completed,1.4156241276230477,20.00010000000033,0.42105263157894735,0.08
True,completed,1.7917178134863248,20.00010000000033,0.42105263157894735,0.09
True,completed,2.2188004147997438,20.00010000000033,0.42105263157894735,0.09999999999999999
True,completed,2.701112578585971,20.00010000000033,0.42105263157894735,0.11
True,completed,3.243257376676634,20.00010000000033,0.42105263157894735,0.12
True,completed,3.8498937464811607,20.00010000000033,0.42105263157894735,0.13
True,completed,4.52543190704386,20.00010000000033,0.42105263157894735,0.14
True,completed,5.273787611967481,20.00010000000033,0.42105263157894735,0.15000000000000002
True,completed,6.098246562530182,20.00010000000033,0.42105263157894735,0.16
True,completed,7.0014573593099065,20.00010000000033,0.42105263157894735,0.17
True,completed,7.98552717503216,20.00010000000033,0.42105263157894735,0.18000000000000002
True,completed,9.052166217235072,20.00010000000033,0.42105263157894735,0.19
False,horizon,9.895457047572917,19.75010000000029,0.42105263157894735,0.2
True,completed,0.03516695127403472,20.00010000000033,0.631578947368421,0.01
True,completed,0.1396970673891171,20.00010000000033,0.631578947368421,0.02
True,completed,0.31130415326945693,20.00010000000033,0.631578947368421,0.03
True,completed,0.5478086309489574,20.00010000000033,0.631578947368421,0.04
True,completed,0.8484876429601708,20.00010000000033,0.631578947368421,0.05
True,completed,1.214841611555784,20.00010000000033,0.631578947368421,0.060000000000000005
True,completed,1.6507666783159678,20.00010000000033,0.631578947368421,0.06999999999999999
True,completed,2.162316605907008,20.00010000000033,0.631578947368421,0.08
True,completed,2.7571895965371738,20.00010000000033,0.631578947368421,0.09
True,completed,3.444000709650781,20.00010000000033,0.631578947368421,0.09999999999999999
True,completed,4.231416600578868,20.00010000000033,0.631578947368421,0.11
True,completed,5.127324525904718,20.00010000000033,0.631578947368421,0.12
True,completed,6.138272014385453,20.00010000000033,0.631578947368421,0.13
True,completed,7.26933233231115,20.00010000000033,0.631578947368421,0.14
True,completed,8.524345284946714,20.00010000000033,0.631578947368421,0.15000000000000002
True,completed,9.906323506425629,20.00010000000033,0.631578947368421,0.16
False,horizon,4.565785263344674e+37,18.420100000000083,0.631578947368421,0.17
False,horizon,8.495331475429648,16.99009999999986,0.631578947368421,0.18000000000000002
False,horizon,7.891851813310701,15.780099999999708,0.631578947368421,0.19
False,horizon,1.1590675567028454e+40,14.74009999999973,0.631578947368421,0.2
True,completed,0.0535107355981618,20.00010000000033,0.8421052631578947,0.01
True,completed,0.21192304494123093,20.00010000000033,0.8421052631578947,0.02
True,completed,0.4708689188267448,20.00010000000033,0.8421052631578947,0.03
True,completed,0.8277364267542022,20.00010000000033,0.8421052631578947,0.04
True,completed,1.2845741274373734,20.00010000000033,0.8421052631578947,0.05
True,completed,1.8489144284718557,20.00010000000033,0.8421052631578947,0.060000000000000005
True,completed,2.5330817902515483,20.00010000000033,0.8421052631578947,0.06999999999999999
True,completed,3.352546208363174,20.00010000000033,0.8421052631578947,0.08
True,completed,4.32362760129521,20.00010000000033,0.8421052631578947,0.09
True,completed,5.4611049865647425,20.00010000000033,0.8421052631578947,0.09999999999999999
True,completed,6.77665340240265,20.00010000000033,0.8421052631578947,0.11
True,completed,8.278704700007848,20.00010000000033,0.8421052631578947,0.12
True,completed,9.973366730430632,20.00010000000033,0.8421052631578947,0.13
False,horizon,8.99547071548313,17.990100000000016,0.8421052631578947,0.14
False,horizon,3.3027576524224818e+37,16.35009999999976,0.8421052631578947,0.15000000000000002
False,horizon,1.7727965580446193e+56,14.990099999999725,0.8421052631578947,0.16
False,horizon,6.915089613283575,13.83009999999975,0.8421052631578947,0.17
False,horizon,6.930692289067257e+23,12.85009999999977,0.8421052631578947,0.18000000000000002
False,horizon,5.999079419549959,11.990099999999789,0.8421052631578947,0.19
False,horizon,1.5178644777523462e+28,11.240099999999805,0.8421052631578947,0.2
True,completed,0.08137322596428871,20.00010000000033,1.0526315789473684,0.01
True,completed,0.32100611608970636,20.00010000000033,1.0526315789473684,0.02
True,completed,0.7115018556230127,20.00010000000033,1.0526315789473684,0.03
True,completed,1.2528817283409672,20.00010000000033,1.0526315789473684,0.04
True,completed,1.9574240030946575,20.00010000000033,1.0526315789473684,0.05
True,completed,2.848511416983449,20.00010000000033,1.0526315789473684,0.060000000000000005
True,completed,3.955875440091184,20.00010000000033,1.0526315789473684,0.06999999999999999
True,completed,5.308931415771484,20.00010000000033,1.0526315789473684,0.08
True,completed,6.93112088728103,20.00010000000033,1.0526315789473684,0.09
True,completed,8.838466748799478,20.00010000000033,1.0526315789473684,0.09999999999999999
False,horizon,9.417538608644385,18.800100000000143,1.0526315789473684,0.11
False,horizon,8.316846790244249,16.630099999999803,1.0526315789473684,0.12
False,horizon,1.8377992809754147e+32,14.930099999999726,1.0526315789473684,0.13
False,horizon,6.771495493092069,13.540099999999756,1.0526315789473684,0.14
False,horizon,6.197532969721378,12.39009999999978,1.0526315789473684,0.15000000000000002
False,horizon,1.2768226121090583e+26,11.4200999999998,1.0526315789473684,0.16
False,horizon,4.3850118162093024e+17,10.580099999999819,1.0526315789473684,0.17
False,horizon,9.083917307879635e+18,9.850099999999834,1.0526315789473684,0.18000000000000002
False,horizon,4.600981394872689,9.200099999999848,1.0526315789473684,0.19
False,horizon,4.316858026241747,8.63009999999986,1.0526315789473684,0.2
True,completed,0.12363691602852661,20.00010000000033,1.263157894736842,0.01
True,completed,0.48549356532270876,20.00010000000033,1.263157894736842,0.02
True,completed,1.0758440379398266,20.00010000000033,1.263157894736842,0.03
True,completed,1.9080636605325971,20.00010000000033,1.263157894736842,0.04
True,completed,3.0223427215706473,20.00010000000033,1.263157894736842,0.05
True,completed,4.474045107945789,20.00010000000033,1.263157894736842,0.060000000000000005
True,completed,6.3154636052050215,20.00010000000033,1.263157894736842,0.06999999999999999
True,completed,8.58328351725576,20.00010000000033,1.263157894736842,0.08
False,horizon,1.2076863984463964e+56,18.540100000000102,1.263157894736842,0.09
False,horizon,8.000864690135534,16.000099999999705,1.263157894736842,0.09999999999999999
False,horizon,1.6588517852584946e+45,14.100099999999744,1.263157894736842,0.11
False,horizon,6.296129521083704,12.590099999999776,1.263157894736842,0.12
False,horizon,2.839016547782254e+43,11.380099999999802,1.263157894736842,0.13
False,horizon,5.181997793225458,10.360099999999823,1.263157894736842,0.14
False,horizon,3.961826039141831e+24,9.510099999999841,1.263157894736842,0.15000000000000002
False,horizon,4.389385355655026,8.770099999999857,1.263157894736842,0.16
False,horizon,4.069458064441961,8.13009999999987,1.263157894736842,0.17
False,horizon,1.9044104861810335e+18,7.570099999999883,1.263157894736842,0.18000000000000002
False,horizon,5.470373379067735e+18,7.0700999999998935,1.263157894736842,0.19
False,horizon,3.3113610116947325,6.620099999999903,1.263157894736842,0.2
True,completed,0.18763391237814536,20.00010000000033,1.4736842105263157,0.01
True,completed,0.7335810995742048,20.00010000000033,1.4736842105263157,0.02
True,completed,1.63368367127594,20.00010000000033,1.4736842105263157,0.03
True,completed,2.9431749707253276,20.00010000000033,1.4736842105263157,0.04
True,completed,4.761153757953318,20.00010000000033,1.4736842105263157,0.05
True,completed,7.1831938850008825,20.00010000000033,1.4736842105263157,0.060000000000000005
False,horizon,1.8737473944834482e+39,19.67010000000028,1.4736842105263157,0.06999999999999999
False,horizon,8.14308093507919,16.28009999999975,1.4736842105263157,0.08
False,horizon,6.9551925370123335,13.910099999999748,1.4736842105263157,0.09
False,horizon,6.789000729325199e+21,12.150099999999785,1.4736842105263157,0.09999999999999999
False,horizon,1675437689311377.0,10.770099999999815,1.4736842105263157,0.11
False,horizon,6.512285108943116e+17,9.660099999999838,1.4736842105263157,0.12
False,horizon,4.795868780724925e+17,8.740099999999858,1.4736842105263157,0.13
False,horizon,1.6790958716834315e+42,7.970099999999874,1.4736842105263157,0.14
False,horizon,3.651315289755267,7.300099999999889,1.4736842105263157,0.15000000000000002
False,horizon,3.3688672557769674,6.730099999999901,1.4736842105263157,0.16
False,horizon,1.958939203152589e+19,6.230099999999911,1.4736842105263157,0.17
False,horizon,3.0090773357530366e+19,5.790099999999921,1.4736842105263157,0.18000000000000002
False,horizon,2.6973623759097616,5.390099999999929,1.4736842105263157,0.19
False,horizon,1.806705225476156e+20,5.040099999999937,1.4736842105263157,0.2
True,completed,0.2843453675412576,20.00010000000033,1.6842105263157894,0.01
True,completed,1.1094127261174151,20.00010000000033,1.6842105263157894,0.02
True,completed,2.5060132963671444,20.00010000000033,1.6842105263157894,0.03
True,completed,4.630274656785142,20.00010000000033,1.6842105263157894,0.04
True,completed,7.664573541804381,20.00010000000033,1.6842105263157894,0.05
False,horizon,4.270905193699352e+42,18.130100000000038,1.6842105263157894,0.060000000000000005
False,horizon,7.343047006808584,14.680099999999731,1.6842105263157894,0.06999999999999999
False,horizon,1.8347355153555313e+45,12.350099999999781,1.6842105263157894,0.08
False,horizon,2.0748148228561826e+25,10.640099999999817,1.6842105263157894,0.09
False,horizon,4.662000584819317,9.320099999999846,1.6842105263157894,0.09999999999999999
False,horizon,457772841010790.5,8.280099999999868,1.6842105263157894,0.11
False,horizon,3.713945256887439,7.420099999999886,1.6842105263157894,0.12
False,horizon,3.416592012198389e+17,6.710099999999901,1.6842105263157894,0.13
False,horizon,2.4338485196896027e+19,6.100099999999914,1.6842105263157894,0.14
False,horizon,5.9872042877107905e+19,5.580099999999925,1.6842105263157894,0.15000000000000002
False,horizon,2.5605505198423955,5.120099999999935,1.6842105263157894,0.16
False,horizon,3.3050078705811417e+20,4.730099999999943,1.6842105263157894,0.17
False,horizon,2.185620788580514,4.370099999999951,1.6842105263157894,0.18000000000000002
False,horizon,2.033690564643632,4.060099999999958,1.6842105263157894,0.19
False,horizon,1.8942847080220147,3.7800999999999636,1.6842105263157894,0.2
True,completed,0.4302293469450658,20.00010000000033,1.894736842105263,0.01
True,completed,1.6855347558294262,20.00010000000033,1.894736842105263,0.02
True,completed,3.9116015714536605,20.00010000000033,1.894736842105263,0.03
True,completed,7.445106517840691,20.00010000000033,1.894736842105263,0.04
False,horizon,8.71482831208676,17.420099999999927,1.894736842105263,0.05
False,horizon,6.815064978206742,13.630099999999754,1.894736842105263,0.060000000000000005
False,horizon,3.0948224393821612e+26,11.200099999999805,1.894736842105263,0.06999999999999999
False,horizon,4.7387035169754625,9.470099999999842,1.894736842105263,0.08
False,horizon,1.6710298631847964e+55,8.18009999999987,1.894736842105263,0.09
False,horizon,3.583311141594287,7.1600999999998916,1.894736842105263,0.09999999999999999
False,horizon,3.170728128616592,6.340099999999909,1.894736842105263,0.11
False,horizon,2.8390995002914905,5.670099999999923,1.894736842105263,0.12
False,horizon,2.550152667140855,5.1000999999999355,1.894736842105263,0.13
False,horizon,2.311540035327906,4.620099999999946,1.894736842105263,0.14
False,horizon,1.354746654913252e+21,4.210099999999954,1.894736842105263,0.15000000000000002
False,horizon,3.8839680523807805e+21,3.850099999999962,1.894736842105263,0.16
False,horizon,1.7680640545551842,3.530099999999969,1.894736842105263,0.17
False,horizon,1.6272621415404758,3.250099999999975,1.894736842105263,0.18000000000000002
False,horizon,1.500302406670145,3.0000999999999802,1.894736842105263,0.19
False,horizon,1.3913220008321137,2.780099999999985,1.894736842105263,0.2
True,completed,0.6501764282867966,20.00010000000033,2.1052631578947367,0.01
True,completed,2.5882355023575347,20.00010000000033,2.1052631578947367,0.02
True,completed,6.241426383069955,20.00010000000033,2.1052631578947367,0.03
False,horizon,8.86746349104991,17.730099999999975,2.1052631578947367,0.04
False,horizon,1.611720441177496e+38,13.150099999999764,2.1052631578947367,0.05
False,horizon,5.2190128765020445,10.430099999999822,2.1052631578947367,0.060000000000000005
False,horizon,4.302073485726191,8.60009999999986,2.1052631578947367,0.06999999999999999
False,horizon,6.9121903996884536e+16,7.280099999999889,2.1052631578947367,0.08
False,horizon,3.1303831741996073,6.260099999999911,2.1052631578947367,0.09
False,horizon,8.074179994036255e+17,5.470099999999928,2.1052631578947367,0.09999999999999999
False,horizon,2.9125065713215806e+20,4.820099999999941,2.1052631578947367,0.11
False,horizon,2.1426481766173855,4.280099999999953,2.1052631578947367,0.12
False,horizon,1.9174677953365802,3.8300999999999625,2.1052631578947367,0.13
False,horizon,1.4656155864955045e+22,3.4500999999999706,2.1052631578947367,0.14
False,horizon,1.5633254314679763,3.1200999999999777,2.1052631578947367,0.15000000000000002
False,horizon,1.9598866706359077e+23,2.8400999999999836,2.1052631578947367,0.16
False,horizon,6.523858340717682e+23,2.590099999999989,2.1052631578947367,0.17
False,horizon,1.1891606810299482,2.3700999999999937,2.1052631578947367,0.18000000000000002
False,horizon,8.590710056424536e+24,2.1800999999999977,2.1052631578947367,0.19
False,horizon,3.3659485399392054e+25,2.0101000000000013,2.1052631578947367,0.2
True,completed,0.9827436025434583,20.00010000000033,2.3157894736842106,0.01
True,completed,4.046186466624515,20.00010000000033,2.3157894736842106,0.02
False,horizon,9.958509367413571,19.820100000000302,2.3157894736842106,0.03
False,horizon,6.68262883573925,13.36009999999976,2.3157894736842106,0.04
False,horizon,7110391944245543.0,10.07009999999983,2.3157894736842106,0.05
False,horizon,2.2490696671678838e+17,8.020099999999873,2.3157894736842106,0.060000000000000005
False,horizon,1.1058070655100772e+19,6.6000999999999035,2.3157894736842106,0.06999999999999999
False,horizon,4.841457081798532e+19,5.560099999999926,2.3157894736842106,0.08
False,horizon,2.3755154392573403,4.750099999999943,2.3157894736842106,0.09
False,horizon,1.7402019359011027e+21,4.120099999999956,2.3157894736842106,0.09999999999999999
False,horizon,1.80082937967021,3.6000999999999674,2.3157894736842106,0.11
False,horizon,4.102022683526278e+22,3.1800999999999764,2.3157894736842106,0.12
False,horizon,1.4104908955115665,2.820099999999984,2.3157894736842106,0.13
False,horizon,1.2605791123291603,2.5200999999999905,2.3157894736842106,0.14
False,horizon,4.523453069636684e+24,2.270099999999996,2.3157894736842106,0.15000000000000002
False,horizon,2.2611364554275802e+25,2.0501000000000005,2.3157894736842106,0.16
False,horizon,1.2506019297904392e+26,1.8601000000000014,2.3157894736842106,0.17
False,horizon,0.8484621860215562,1.6901000000000013,2.3157894736842106,0.18000000000000002
False,horizon,1.8361839318042196e+27,1.5501000000000011,2.3157894736842106,0.19
False,horizon,1.5435727966428713e+28,1.420100000000001,2.3157894736842106,0.2
True,completed,1.4902976685905065,20.00010000000033,2.526315789473684,0.01
True,completed,6.466549205895256,20.00010000000033,2.526315789473684,0.02
False,horizon,7.3919252850039205,14.78009999999973,2.526315789473684,0.03
False,horizon,1.2686820133562654e+16,10.230099999999826,2.526315789473684,0.04
False,horizon,2.0499949645751345e+18,7.740099999999879,2.526315789473684,0.05
False,horizon,3.0740790005633096,6.140099999999913,2.526315789473684,0.060000000000000005
False,horizon,2.5139322432586644,5.020099999999937,2.526315789473684,0.06999999999999999
False,horizon,2.0982857117622356,4.190099999999955,2.526315789473684,0.08
False,horizon,1.7760183983627178,3.5500999999999685,2.526315789473684,0.09
False,horizon,1.5289514530658854,3.050099999999979,2.526315789473684,0.09999999999999999
False,horizon,1.0360827316216947e+26,2.6500999999999877,2.526315789473684,0.11
False,horizon,1.1563467130395102,2.310099999999995,2.526315789473684,0.12
False,horizon,2.345625458422665e+25,2.0401000000000007,2.526315789473684,0.13
False,horizon,1.6589573008493215e+26,1.8101000000000014,2.526315789473684,0.14
False,horizon,0.8061047093680219,1.6101000000000012,2.526315789473684,0.15000000000000002
False,horizon,7.133687142125243e+27,1.450100000000001,2.526315789473684,0.16
False,horizon,6.799249829121283e+29,1.310100000000001,2.526315789473684,0.17
False,horizon,0.5921436430592247,1.1801000000000008,2.526315789473684,0.18000000000000002
False,horizon,6.691353724764983e+31,1.0801000000000007,2.526315789473684,0.19
False,horizon,0.4924069892891292,0.9801000000000007,2.526315789473684,0.2
True,completed,2.2796286543687376,20.00010000000033,2.7368421052631575,0.01
False,horizon,9.70642147197146,19.37010000000023,2.7368421052631575,0.02
False,horizon,5.63926695493079,11.270099999999804,2.7368421052631575,0.03
False,horizon,3.932775904497964,7.860099999999877,2.7368421052631575,0.04
False,horizon,2.963432701717512,5.920099999999918,2.7368421052631575,0.05
False,horizon,3.0307697464728165e+20,4.660099999999945,2.7368421052631575,0.060000000000000005
False,horizon,1.192548922982492e+22,3.770099999999964,2.7368421052631575,0.06999999999999999
False,horizon,5.557919779833318e+22,3.110099999999978,2.7368421052631575,0.08
False,horizon,8.711005529670383e+23,2.6100999999999885,2.7368421052631575,0.09
False,horizon,1.1064075676602332,2.210099999999997,2.7368421052631575,0.09999999999999999
False,horizon,0.9537130759469186,1.9001000000000015,2.7368421052631575,0.11
False,horizon,8.407154962390305e+26,1.6501000000000012,2.7368421052631575,0.12
False,horizon,0.7236777213781109,1.440100000000001,2.7368421052631575,0.13
False,horizon,2.003353924079794e+28,1.270100000000001,2.7368421052631575,0.14
False,horizon,2.2413755625661736e+31,1.1301000000000008,2.7368421052631575,0.15000000000000002
False,horizon,0.5003833046106985,1.0001000000000007,2.7368421052631575,0.16
False,horizon,0.4531057434258039,0.9001000000000007,2.7368421052631575,0.17
False,horizon,0.4066129102884929,0.8101000000000006,2.7368421052631575,0.18000000000000002
False,horizon,1.8356340220711214e+31,0.7401000000000005,2.7368421052631575,0.19
False,horizon,0.3388292406366671,0.6701000000000005,2.7368421052631575,0.2
True,completed,3.5426833773639985,20.00010000000033,2.9473684210526314,0.01
False,horizon,7.243273197101445,14.480099999999736,2.9473684210526314,0.02
False,horizon,5.996269063431808e+17,8.66009999999986,2.9473684210526314,0.03
False,horizon,2.739111860834064e+19,6.020099999999916,2.9473684210526314,0.04
False,horizon,2.2431704912109334,4.480099999999949,2.9473684210526314,0.05
False,horizon,2.3472613901673366e+22,3.48009999999997,2.9473684210526314,0.060000000000000005
False,horizon,1.38786582359608,2.770099999999985,2.9473684210526314,0.06999999999999999
False,horizon,4.923391892225114e+24,2.260099999999996,2.9473684210526314,0.08
False,horizon,0.9388484477915218,1.8701000000000014,2.9473684210526314,0.09
False,horizon,0.7873905933647152,1.5701000000000012,2.9473684210526314,0.09999999999999999
False,horizon,2.3436844876945275e+28,1.340100000000001,2.9473684210526314,0.11
False,horizon,0.5786680229654687,1.1501000000000008,2.9473684210526314,0.12
False,horizon,1.2833794750157384e+29,1.0001000000000007,2.9473684210526314,0.13
False,horizon,1.1157722098699862e+35,0.8801000000000007,2.9473684210526314,0.14
False,horizon,0.38716244081841084,0.7701000000000006,2.9473684210526314,0.15000000000000002
False,horizon,7.691304356013594e+31,0.6901000000000005,2.9473684210526314,0.16
False,horizon,0.30587981533448455,0.6101000000000004,2.9473684210526314,0.17
False,horizon,0.2775842166751471,0.5501000000000004,2.9473684210526314,0.18000000000000002
False,horizon,8.838078022145166e+23,0.5001000000000003,2.9473684210526314,0.19
False,horizon,0.2264076035380194,0.4501000000000003,2.9473684210526314,0.2
True,completed,5.625491582436693,20.00010000000033,3.1578947368421053,0.01
False,horizon,5.528686238670494,11.050099999999809,3.1578947368421053,0.02
False,horizon,3.321247526482037,6.640099999999903,3.1578947368421053,0.03
False,horizon,5.4509265854992423e+20,4.560099999999947,3.1578947368421053,0.04
False,horizon,2.249569982028279e+22,3.340099999999973,3.1578947368421053,0.05
False,horizon,1.2704313374586995,2.54009999999999,3.1578947368421053,0.060000000000000005
False,horizon,3.3702225285314517e+25,2.0001000000000015,3.1578947368421053,0.06999999999999999
False,horizon,2.480319670288921e+27,1.6101000000000012,3.1578947368421053,0.08
False,horizon,5.344514892155121e+29,1.320100000000001,3.1578947368421053,0.09
False,horizon,5.194700057123504e+32,1.1001000000000007,3.1578947368421053,0.09999999999999999
False,horizon,0.4601159516746712,0.9201000000000007,3.1578947368421053,0.11
False,horizon,0.3990648483938131,0.7901000000000006,3.1578947368421053,0.12
False,horizon,0.3418323466725808,0.6801000000000005,3.1578947368421053,0.13
False,horizon,3.142275587036208e+34,0.6001000000000004,3.1578947368421053,0.14
False,horizon,0.2609432500223056,0.5201000000000003,3.1578947368421053,0.15000000000000002
False,horizon,0.23056403770507405,0.4601000000000003,3.1578947368421053,0.16
False,horizon,0.2055861729795026,0.41010000000000024,3.1578947368421053,0.17
False,horizon,0.18801109295263718,0.3701000000000002,3.1578947368421053,0.18000000000000002
False,horizon,4.6858140766571484e+32,0.3401000000000002,3.1578947368421053,0.19
False,horizon,0.15025863876048395,0.30010000000000014,3.1578947368421053,0.2
True,completed,9.11408146350844,20.00010000000033,3.3684210526315788,0.01
False,horizon,4.247962884634984,8.490099999999863,3.3684210526315788,0.02
False,horizon,1.0426399913266661e+18,5.060099999999936,3.3684210526315788,0.03
False,horizon,1.766350532589768e+22,3.4000999999999717,3.3684210526315788,0.04
False,horizon,1.6527753064021729e+24,2.440099999999992,3.3684210526315788,0.05
False,horizon,0.9110865130620015,1.8201000000000014,3.3684210526315788,0.060000000000000005
False,horizon,0.7089913682192106,1.410100000000001,3.3684210526315788,0.06999999999999999
False,horizon,4.442267876067193e+28,1.1201000000000008,3.3684210526315788,0.08
False,horizon,4.394765926598404e+29,0.9101000000000007,3.3684210526315788,0.09
False,horizon,0.37866349958443984,0.7501000000000005,3.3684210526315788,0.09999999999999999
False,horizon,0.31952129937209045,0.6301000000000004,3.3684210526315788,0.11
False,horizon,4.486077735333892e+31,0.5401000000000004,3.3684210526315788,0.12
False,horizon,0.2330460432226032,0.4601000000000003,3.3684210526315788,0.13
False,horizon,0.20322561100445755,0.40010000000000023,3.3684210526315788,0.14
False,horizon,0.1773037719657779,0.3501000000000002,3.3684210526315788,0.15000000000000002
False,horizon,0.15798342056592546,0.31010000000000015,3.3684210526315788,0.16
False,horizon,1.4556406425078374e+32,0.2801000000000001,3.3684210526315788,0.17
False,horizon,1.803867572210413e+32,0.2501000000000001,3.3684210526315788,0.18000000000000002
False,horizon,inf,0.23010000000000008,3.3684210526315788,0.19
False,horizon,0.10080555061662261,0.20010000000000006,3.3684210526315788,0.2
False,horizon,7.863752984328602,15.720099999999709,3.578947368421052,0.01
False,horizon,3.2568521141893627,6.510099999999905,3.578947368421052,0.02
False,horizon,1.8968757542582124,3.7900999999999634,3.578947368421052,0.03
False,horizon,1.2405689817221222,2.4800999999999913,3.578947368421052,0.04
False,horizon,0.8731874266129673,1.7401000000000013,3.578947368421052,0.05
False,horizon,0.6438202626247549,1.280100000000001,3.578947368421052,0.060000000000000005
False,horizon,1.8460255452013344e+30,0.9801000000000007,3.578947368421052,0.06999999999999999
False,horizon,7.72778623723629e+29,0.7701000000000006,3.578947368421052,0.08
False,horizon,4.632076542358617e+28,0.6201000000000004,3.578947368421052,0.09
False,horizon,7.601263094829449e+25,0.5101000000000003,3.578947368421052,0.09999999999999999
False,horizon,3.2113030830120285e+32,0.43010000000000026,3.578947368421052,0.11
False,horizon,0.18399732335868485,0.3601000000000002,3.578947368421052,0.12
False,horizon,0.16126200342397093,0.31010000000000015,3.578947368421052,0.13
False,horizon,7.323473141778352e+31,0.2701000000000001,3.578947368421052,0.14
False,horizon,5.35675943680109e+34,0.2401000000000001,3.578947368421052,0.15000000000000002
False,horizon,1.151339971111866e+33,0.21010000000000006,3.578947368421052,0.16
False,horizon,1.346323744683065e+36,0.19010000000000005,3.578947368421052,0.17
False,horizon,1.4344530900949445e+35,0.17010000000000003,3.578947368421052,0.18000000000000002
False,horizon,0.07958933547113638,0.1501,3.578947368421052,0.19
False,horizon,1.2848091009529295e+36,0.1401,3.578947368421052,0.2
False,horizon,4.239098518103132e+34,11.95009999999979,3.789473684210526,0.01
False,horizon,2.4780005958197875,4.950099999999939,3.789473684210526,0.02
False,horizon,1.3963382423830597,2.7900999999999847,3.789473684210526,0.03
False,horizon,2.4087717438288383e+26,1.7801000000000013,3.789473684210526,0.04
False,horizon,2.3572669838166375e+28,1.2201000000000009,3.789473684210526,0.05
False,horizon,0.44126032762776424,0.8801000000000007,3.789473684210526,0.060000000000000005
False,horizon,4.7963456979110774e+30,0.6701000000000005,3.789473684210526,0.06999999999999999
False,horizon,0.2638372711219488,0.5201000000000003,3.789473684210526,0.08
False,horizon,1.8035131335094555e+26,0.42010000000000025,3.789473684210526,0.09
False,horizon,0.17258088796847426,0.3401000000000002,3.789473684210526,0.09999999999999999
False,horizon,1.4991444361197593e+35,0.29010000000000014,3.789473684210526,0.11
False,horizon,0.1228940391338711,0.2401000000000001,3.789473684210526,0.12
False,horizon,4.562242667048512e+33,0.21010000000000006,3.789473684210526,0.13
False,horizon,0.0950238279566478,0.18010000000000004,3.789473684210526,0.14
False,horizon,1.6420446176998606e+34,0.16010000000000002,3.789473684210526,0.15000000000000002
False,horizon,0.07502945006822435,0.1401,3.789473684210526,0.16
False,horizon,inf,0.1301,3.789473684210526,0.17
False,horizon,0.05794402179474375,0.11009999999999999,3.789473684210526,0.18000000000000002
False,horizon,0.05390247241440994,0.1001,3.789473684210526,0.19
False,horizon,0.048105717160790165,0.0901,3.789473684210526,0.2
False,horizon,4.58913135937889,9.170099999999849,4.0,0.01
False,horizon,1.8590299385954883,3.710099999999965,4.0,0.02
False,horizon,1.0052110615082592,2.0101000000000013,4.0,0.03
False,horizon,2.6136621899480693e+29,1.2501000000000009,4.0,0.04
False,horizon,1.3256532815443802e+29,0.8401000000000006,4.0,0.05
False,horizon,0.3033164895519422,0.6001000000000004,4.0,0.060000000000000005
False,horizon,0.22891401616594878,0.4501000000000003,4.0,0.06999999999999999
False,horizon,0.1799053512159664,0.3501000000000002,4.0,0.08
False,horizon,0.14570543812203662,0.2801000000000001,4.0,0.09
False,horizon,3.803766226590264e+32,0.23010000000000008,4.0,0.09999999999999999
False,horizon,0.09879737740773649,0.19010000000000005,4.0,0.11
False,horizon,0.08284952215248818,0.16010000000000002,4.0,0.12
False,horizon,1.0026140072363146e+34,0.1401,4.0,0.13
False,horizon,0.0641194947045855,0.12009999999999998,4.0,0.14
False,horizon,3.7183702579555687e+37,0.11009999999999999,4.0,0.15000000000000002
False,horizon,0.045738078327165366,0.0901,4.0,0.16
False,horizon,0.04083394524543913,0.0801,4.0,0.17
False,horizon,5.696795844775092e+40,0.0801,4.0,0.18000000000000002
False,horizon,2.8659499371711037e+35,0.07010000000000001,4.0,0.19
False,horizon,0.032821511734387125,0.06010000000000001,4.0,0.2
